annotator,id,label,contextual_agreement,contextual_factors,contextual_explanation,ambiguous_referent_type,ambiguous_referent_other_text
mengfei,1,correct,Agree,Agree,,,
mengfei,2,correct,Disagree,"b. Population: The claims target different human subpopulations, such as differences in age, sex, genetic background, comorbidities, ethnicity, or risk profiles.; d. Dosage or exposure duration: The same intervention is administered at different doses, frequencies, or durations.",,,
mengfei,3,correct,Disagree,"c. Physiological context: The intervention is evaluated under different transient physiological or environmental conditions (e.g., exertion state, hypoxia, fasting status, or acute stress), even within the same species and population.; i. Ambiguous referent: One or both claims lack clear specification of species, population, dosage, or route of administration, resulting in uncertainty about the basis of comparison.; f. Combined drug effects: The reported effect of a drug depends on its use in combination with other drugs or therapies.",,One or both abstracts lack dosage information,
mengfei,4,correct,Agree,Agree,,,
mengfei,5,correct,Disagree,"b. Population: The claims target different human subpopulations, such as differences in age, sex, genetic background, comorbidities, ethnicity, or risk profiles.; d. Dosage or exposure duration: The same intervention is administered at different doses, frequencies, or durations.",,,
mengfei,6,correct,Disagree,"d. Dosage or exposure duration: The same intervention is administered at different doses, frequencies, or durations.; h. Known controversy or self-qualified claims: One or both claims explicitly acknowledge uncertainty.",,,
mengfei,7,correct,Agree,Agree,,,
mengfei,8,correct,Disagree,"d. Dosage or exposure duration: The same intervention is administered at different doses, frequencies, or durations.; h. Known controversy or self-qualified claims: One or both claims explicitly acknowledge uncertainty.",,,
mengfei,9,correct,Agree,Agree,,,
mengfei,10,correct,Disagree,"i. Ambiguous referent: One or both claims lack clear specification of species, population, dosage, or route of administration, resulting in uncertainty about the basis of comparison.; b. Population: The claims target different human subpopulations, such as differences in age, sex, genetic background, comorbidities, ethnicity, or risk profiles.",,One or both abstracts lack dosage information,
mengfei,11,incorrect,,,,,
mengfei,12,correct,Disagree,"c. Physiological context: The intervention is evaluated under different transient physiological or environmental conditions (e.g., exertion state, hypoxia, fasting status, or acute stress), even within the same species and population.; d. Dosage or exposure duration: The same intervention is administered at different doses, frequencies, or durations.",,,
mengfei,13,incorrect,,,,,
mengfei,14,correct,Disagree,"b. Population: The claims target different human subpopulations, such as differences in age, sex, genetic background, comorbidities, ethnicity, or risk profiles.",,,
mengfei,15,correct,Agree,Agree,,,
mengfei,16,correct,Disagree,"b. Population: The claims target different human subpopulations, such as differences in age, sex, genetic background, comorbidities, ethnicity, or risk profiles.; d. Dosage or exposure duration: The same intervention is administered at different doses, frequencies, or durations.",,,
mengfei,17,correct,Disagree,"b. Population: The claims target different human subpopulations, such as differences in age, sex, genetic background, comorbidities, ethnicity, or risk profiles.; c. Physiological context: The intervention is evaluated under different transient physiological or environmental conditions (e.g., exertion state, hypoxia, fasting status, or acute stress), even within the same species and population.",,,
mengfei,18,correct,Disagree,"b. Population: The claims target different human subpopulations, such as differences in age, sex, genetic background, comorbidities, ethnicity, or risk profiles.; i. Ambiguous referent: One or both claims lack clear specification of species, population, dosage, or route of administration, resulting in uncertainty about the basis of comparison.",,One or both abstracts lack dosage information; One or both abstracts lack route of administration information,
mengfei,19,correct,Disagree,"b. Population: The claims target different human subpopulations, such as differences in age, sex, genetic background, comorbidities, ethnicity, or risk profiles.; d. Dosage or exposure duration: The same intervention is administered at different doses, frequencies, or durations.",,,
mengfei,20,correct,Disagree,"i. Ambiguous referent: One or both claims lack clear specification of species, population, dosage, or route of administration, resulting in uncertainty about the basis of comparison.; b. Population: The claims target different human subpopulations, such as differences in age, sex, genetic background, comorbidities, ethnicity, or risk profiles.; d. Dosage or exposure duration: The same intervention is administered at different doses, frequencies, or durations.",,One or both abstracts lack route of administration information,
mengfei,21,incorrect,,,,,
mengfei,22,incorrect,,,,,
mengfei,23,correct,Disagree,"d. Dosage or exposure duration: The same intervention is administered at different doses, frequencies, or durations.; e. Route or mode of administration: The intervention is delivered via different routes (e.g., oral, intravenous, topical, sublingual, localized).; c. Physiological context: The intervention is evaluated under different transient physiological or environmental conditions (e.g., exertion state, hypoxia, fasting status, or acute stress), even within the same species and population.",,,
mengfei,24,incorrect,,,,,
mengfei,25,correct,Agree,Agree,,,
mengfei,26,correct,Disagree,"b. Population: The claims target different human subpopulations, such as differences in age, sex, genetic background, comorbidities, ethnicity, or risk profiles.; d. Dosage or exposure duration: The same intervention is administered at different doses, frequencies, or durations.; i. Ambiguous referent: One or both claims lack clear specification of species, population, dosage, or route of administration, resulting in uncertainty about the basis of comparison.",,Other,lack of exposure duration
